sex,firstName,lastName,age,address,avatar
female,Miranda,Feeney,19,016 Osinski Flats - Johnshaven - Guam,https://cloudflare-ipfs.com/ipfs/Qmd3W5DuhgHirLHGVixi6V76LhCkZUz6pnFt5AJBiyvHye/avatar/1176.jpg
male,Shannon,Murazik,74,89679 Libby Underpass - East Brittanyton - Cape Verde,https://cloudflare-ipfs.com/ipfs/Qmd3W5DuhgHirLHGVixi6V76LhCkZUz6pnFt5AJBiyvHye/avatar/1159.jpg
female,Debra,Renner,39,44898 Cortney Track - North Arthur - Botswana,https://cloudflare-ipfs.com/ipfs/Qmd3W5DuhgHirLHGVixi6V76LhCkZUz6pnFt5AJBiyvHye/avatar/1047.jpg
female,Toni,Williamson,88,589 Schmeler Curve - Johathanfield - Mali,https://cloudflare-ipfs.com/ipfs/Qmd3W5DuhgHirLHGVixi6V76LhCkZUz6pnFt5AJBiyvHye/avatar/996.jpg
male,Peter,Kshlerin,49,247 Green Streets - Stokesberg - Sudan,https://cloudflare-ipfs.com/ipfs/Qmd3W5DuhgHirLHGVixi6V76LhCkZUz6pnFt5AJBiyvHye/avatar/574.jpg
male,Leland,Botsford,14,2940 Ena Haven - Erlingbury - Montenegro,https://cloudflare-ipfs.com/ipfs/Qmd3W5DuhgHirLHGVixi6V76LhCkZUz6pnFt5AJBiyvHye/avatar/984.jpg
male,Cameron,Bednar,12,599 Giles Port - Fort Chris - Lesotho,https://cloudflare-ipfs.com/ipfs/Qmd3W5DuhgHirLHGVixi6V76LhCkZUz6pnFt5AJBiyvHye/avatar/96.jpg
male,Tom,Kessler,21,4724 Pagac Via - Fort Myrtie - Botswana,https://cloudflare-ipfs.com/ipfs/Qmd3W5DuhgHirLHGVixi6V76LhCkZUz6pnFt5AJBiyvHye/avatar/415.jpg
female,Pam,Simonis,22,6010 Schiller Point - Omerboro - Thailand,https://cloudflare-ipfs.com/ipfs/Qmd3W5DuhgHirLHGVixi6V76LhCkZUz6pnFt5AJBiyvHye/avatar/425.jpg
male,Rickey,Grimes,4,584 Carter Circles - Ferryshire - Georgia,https://cloudflare-ipfs.com/ipfs/Qmd3W5DuhgHirLHGVixi6V76LhCkZUz6pnFt5AJBiyvHye/avatar/553.jpg
male,Rafael,Leuschke,75,45790 Cristina Field - Clementinaboro - Martinique,https://cloudflare-ipfs.com/ipfs/Qmd3W5DuhgHirLHGVixi6V76LhCkZUz6pnFt5AJBiyvHye/avatar/680.jpg
female,Nina,Grant,77,339 Bauch Ville - West Bridget - Mali,https://cloudflare-ipfs.com/ipfs/Qmd3W5DuhgHirLHGVixi6V76LhCkZUz6pnFt5AJBiyvHye/avatar/182.jpg
male,Drew,Schumm,86,4525 Shanon Wells - Ernserchester - United States of America,https://cloudflare-ipfs.com/ipfs/Qmd3W5DuhgHirLHGVixi6V76LhCkZUz6pnFt5AJBiyvHye/avatar/2.jpg
male,Randal,Wehner,73,67066 Roberts Harbors - Bochester - Myanmar,https://cloudflare-ipfs.com/ipfs/Qmd3W5DuhgHirLHGVixi6V76LhCkZUz6pnFt5AJBiyvHye/avatar/101.jpg
female,Anna,Dibbert,22,0125 America Place - Port Marlon - Senegal,https://cloudflare-ipfs.com/ipfs/Qmd3W5DuhgHirLHGVixi6V76LhCkZUz6pnFt5AJBiyvHye/avatar/429.jpg
female,Blanche,Nikolaus,51,5423 Ankunding Freeway - Doviecester - Sweden,https://cloudflare-ipfs.com/ipfs/Qmd3W5DuhgHirLHGVixi6V76LhCkZUz6pnFt5AJBiyvHye/avatar/984.jpg
female,Sherry,McGlynn,8,7308 Frankie Viaduct - Murphyton - Cambodia,https://cloudflare-ipfs.com/ipfs/Qmd3W5DuhgHirLHGVixi6V76LhCkZUz6pnFt5AJBiyvHye/avatar/918.jpg
male,Milton,Gerlach,78,280 Lemke Falls - Larsonfield - Myanmar,https://cloudflare-ipfs.com/ipfs/Qmd3W5DuhgHirLHGVixi6V76LhCkZUz6pnFt5AJBiyvHye/avatar/207.jpg
female,Judith,Barton,36,6838 Gulgowski Squares - Abbottstad - American Samoa,https://cloudflare-ipfs.com/ipfs/Qmd3W5DuhgHirLHGVixi6V76LhCkZUz6pnFt5AJBiyvHye/avatar/967.jpg
male,Louis,Schaden,1,2383 Russell Place - South Millerboro - Qatar,https://cloudflare-ipfs.com/ipfs/Qmd3W5DuhgHirLHGVixi6V76LhCkZUz6pnFt5AJBiyvHye/avatar/629.jpg
female,Angelina,Watsica,58,39288 Ryley Coves - South Francescocester - Bahrain,https://cloudflare-ipfs.com/ipfs/Qmd3W5DuhgHirLHGVixi6V76LhCkZUz6pnFt5AJBiyvHye/avatar/219.jpg
male,Saul,Stamm,45,797 Boehm Groves - Donnellyside - Cote d'Ivoire,https://cloudflare-ipfs.com/ipfs/Qmd3W5DuhgHirLHGVixi6V76LhCkZUz6pnFt5AJBiyvHye/avatar/974.jpg
female,Tara,Hyatt,40,00379 Kilback Corners - East Julia - Guernsey,https://cloudflare-ipfs.com/ipfs/Qmd3W5DuhgHirLHGVixi6V76LhCkZUz6pnFt5AJBiyvHye/avatar/718.jpg
female,Inez,Schoen,56,860 Cummerata Villages - Wizaboro - Botswana,https://cloudflare-ipfs.com/ipfs/Qmd3W5DuhgHirLHGVixi6V76LhCkZUz6pnFt5AJBiyvHye/avatar/179.jpg
female,Suzanne,Franey,75,8572 Stanton Drives - Huntersville - Iran,https://cloudflare-ipfs.com/ipfs/Qmd3W5DuhgHirLHGVixi6V76LhCkZUz6pnFt5AJBiyvHye/avatar/838.jpg
male,Geoffrey,Johnson,70,2793 Crona Ville - Port Stellaborough - Maldives,https://cloudflare-ipfs.com/ipfs/Qmd3W5DuhgHirLHGVixi6V76LhCkZUz6pnFt5AJBiyvHye/avatar/978.jpg
female,Kristin,Schneider,34,105 Roob Circles - Leuschkecester - Palestinian Territory,https://cloudflare-ipfs.com/ipfs/Qmd3W5DuhgHirLHGVixi6V76LhCkZUz6pnFt5AJBiyvHye/avatar/235.jpg
female,Angel,Gislason,62,40850 Nolan Mountains - South Murphy - Uzbekistan,https://cloudflare-ipfs.com/ipfs/Qmd3W5DuhgHirLHGVixi6V76LhCkZUz6pnFt5AJBiyvHye/avatar/739.jpg
female,Sonia,Maggio,79,19350 Kareem Terrace - Devontestad - Tajikistan,https://cloudflare-ipfs.com/ipfs/Qmd3W5DuhgHirLHGVixi6V76LhCkZUz6pnFt5AJBiyvHye/avatar/1142.jpg
male,Toby,Jast,72,033 Walker Villages - Schultzmouth - Heard Island and McDonald Islands,https://cloudflare-ipfs.com/ipfs/Qmd3W5DuhgHirLHGVixi6V76LhCkZUz6pnFt5AJBiyvHye/avatar/744.jpg
male,Melvin,Mills,79,04243 Elliot Cove - West Antonettaport - Togo,https://cloudflare-ipfs.com/ipfs/Qmd3W5DuhgHirLHGVixi6V76LhCkZUz6pnFt5AJBiyvHye/avatar/1109.jpg
male,Forrest,Murphy,54,0240 Dax Bypass - Pinellas Park - United Kingdom,https://cloudflare-ipfs.com/ipfs/Qmd3W5DuhgHirLHGVixi6V76LhCkZUz6pnFt5AJBiyvHye/avatar/543.jpg
female,Jennifer,Reinger,50,744 Schaefer Junction - Botsfordfurt - Libyan Arab Jamahiriya,https://cloudflare-ipfs.com/ipfs/Qmd3W5DuhgHirLHGVixi6V76LhCkZUz6pnFt5AJBiyvHye/avatar/430.jpg
male,Nathaniel,Howe,25,9607 Elliot Shore - East Dallasborough - Heard Island and McDonald Islands,https://cloudflare-ipfs.com/ipfs/Qmd3W5DuhgHirLHGVixi6V76LhCkZUz6pnFt5AJBiyvHye/avatar/59.jpg
female,Sara,Vandervort,31,51821 Christophe Oval - North Hardy - Holy See (Vatican City State),https://cloudflare-ipfs.com/ipfs/Qmd3W5DuhgHirLHGVixi6V76LhCkZUz6pnFt5AJBiyvHye/avatar/49.jpg
male,Lee,Daugherty,79,"4147 Hamill Unions - West Jennieshire - Virgin Islands, U.S.",https://cloudflare-ipfs.com/ipfs/Qmd3W5DuhgHirLHGVixi6V76LhCkZUz6pnFt5AJBiyvHye/avatar/624.jpg
male,Stewart,Turner,88,8775 Sydnie View - West Kennedyfurt - Chad,https://cloudflare-ipfs.com/ipfs/Qmd3W5DuhgHirLHGVixi6V76LhCkZUz6pnFt5AJBiyvHye/avatar/709.jpg
female,Angel,Marvin,78,709 Eldora Burg - East Ellieside - Panama,https://cloudflare-ipfs.com/ipfs/Qmd3W5DuhgHirLHGVixi6V76LhCkZUz6pnFt5AJBiyvHye/avatar/423.jpg
female,Essie,Harris,99,538 Helga Mill - Tuckahoe - Antigua and Barbuda,https://cloudflare-ipfs.com/ipfs/Qmd3W5DuhgHirLHGVixi6V76LhCkZUz6pnFt5AJBiyvHye/avatar/178.jpg
male,John,Little,96,59992 Cummings Land - Miguelport - Latvia,https://cloudflare-ipfs.com/ipfs/Qmd3W5DuhgHirLHGVixi6V76LhCkZUz6pnFt5AJBiyvHye/avatar/657.jpg
male,Jermaine,Waelchi,87,"908 Abdiel Junctions - Catalina Foothills - Virgin Islands, British",https://cloudflare-ipfs.com/ipfs/Qmd3W5DuhgHirLHGVixi6V76LhCkZUz6pnFt5AJBiyvHye/avatar/51.jpg
male,Orville,Lind,70,2384 Lindsay Well - D'Amoreboro - Comoros,https://cloudflare-ipfs.com/ipfs/Qmd3W5DuhgHirLHGVixi6V76LhCkZUz6pnFt5AJBiyvHye/avatar/823.jpg
male,Gordon,O'Conner,55,5350 Dawn Underpass - MacGyverstad - El Salvador,https://cloudflare-ipfs.com/ipfs/Qmd3W5DuhgHirLHGVixi6V76LhCkZUz6pnFt5AJBiyvHye/avatar/839.jpg
male,Hugh,Effertz,39,76174 Irving Ville - Fort Cleora - Cape Verde,https://cloudflare-ipfs.com/ipfs/Qmd3W5DuhgHirLHGVixi6V76LhCkZUz6pnFt5AJBiyvHye/avatar/766.jpg
male,Dana,Upton,96,9312 Barrows Extensions - South Kevonfield - Mexico,https://cloudflare-ipfs.com/ipfs/Qmd3W5DuhgHirLHGVixi6V76LhCkZUz6pnFt5AJBiyvHye/avatar/462.jpg
female,Jacquelyn,Kuphal,82,5960 Muhammad Light - Fort Clarafort - Mali,https://cloudflare-ipfs.com/ipfs/Qmd3W5DuhgHirLHGVixi6V76LhCkZUz6pnFt5AJBiyvHye/avatar/352.jpg
male,Emanuel,Glover,30,9748 Batz Streets - Oliverfort - Faroe Islands,https://cloudflare-ipfs.com/ipfs/Qmd3W5DuhgHirLHGVixi6V76LhCkZUz6pnFt5AJBiyvHye/avatar/886.jpg
female,Charlotte,Goldner,74,893 Wilkinson Course - New Granvilleburgh - Portugal,https://cloudflare-ipfs.com/ipfs/Qmd3W5DuhgHirLHGVixi6V76LhCkZUz6pnFt5AJBiyvHye/avatar/896.jpg
female,Lillie,Christiansen,67,03481 Gulgowski Fields - Mayertland - Spain,https://cloudflare-ipfs.com/ipfs/Qmd3W5DuhgHirLHGVixi6V76LhCkZUz6pnFt5AJBiyvHye/avatar/762.jpg
male,Allan,Hills,28,2092 Asa Points - Yuba City - Honduras,https://cloudflare-ipfs.com/ipfs/Qmd3W5DuhgHirLHGVixi6V76LhCkZUz6pnFt5AJBiyvHye/avatar/847.jpg
female,Shari,Moen,23,4507 Strosin Corners - Brookline - Micronesia,https://cloudflare-ipfs.com/ipfs/Qmd3W5DuhgHirLHGVixi6V76LhCkZUz6pnFt5AJBiyvHye/avatar/129.jpg
female,Pauline,Ritchie,22,1635 Heaney Ranch - Portage - Gibraltar,https://cloudflare-ipfs.com/ipfs/Qmd3W5DuhgHirLHGVixi6V76LhCkZUz6pnFt5AJBiyvHye/avatar/1122.jpg
male,Ed,Kovacek,84,008 Marjorie Knoll - Franeckiton - Congo,https://cloudflare-ipfs.com/ipfs/Qmd3W5DuhgHirLHGVixi6V76LhCkZUz6pnFt5AJBiyvHye/avatar/452.jpg
male,Johnnie,Kuhn,53,0409 Murazik Inlet - Minot - Kyrgyz Republic,https://cloudflare-ipfs.com/ipfs/Qmd3W5DuhgHirLHGVixi6V76LhCkZUz6pnFt5AJBiyvHye/avatar/507.jpg
male,Neil,Kunze,52,753 Schumm Row - Judahland - United States of America,https://cloudflare-ipfs.com/ipfs/Qmd3W5DuhgHirLHGVixi6V76LhCkZUz6pnFt5AJBiyvHye/avatar/1137.jpg
male,Vincent,Shanahan,24,267 Gertrude Circle - Tulare - Syrian Arab Republic,https://cloudflare-ipfs.com/ipfs/Qmd3W5DuhgHirLHGVixi6V76LhCkZUz6pnFt5AJBiyvHye/avatar/706.jpg
female,Marie,Gerlach,30,073 Halvorson Lane - East Ladariusfield - Finland,https://cloudflare-ipfs.com/ipfs/Qmd3W5DuhgHirLHGVixi6V76LhCkZUz6pnFt5AJBiyvHye/avatar/722.jpg
female,Lynne,Satterfield,54,0565 Laurine Extension - South Eldon - Norfolk Island,https://cloudflare-ipfs.com/ipfs/Qmd3W5DuhgHirLHGVixi6V76LhCkZUz6pnFt5AJBiyvHye/avatar/163.jpg
female,Carolyn,Reinger,14,08096 Pagac Island - Mayerstead - Guernsey,https://cloudflare-ipfs.com/ipfs/Qmd3W5DuhgHirLHGVixi6V76LhCkZUz6pnFt5AJBiyvHye/avatar/673.jpg
female,Rachel,Funk,54,637 Blanca View - Spring Hill - South Africa,https://cloudflare-ipfs.com/ipfs/Qmd3W5DuhgHirLHGVixi6V76LhCkZUz6pnFt5AJBiyvHye/avatar/259.jpg
female,Helen,Wiegand,99,58377 Pacocha Ridges - Brentwood - Antigua and Barbuda,https://cloudflare-ipfs.com/ipfs/Qmd3W5DuhgHirLHGVixi6V76LhCkZUz6pnFt5AJBiyvHye/avatar/632.jpg
female,Stacy,Braun,55,8951 Frederick Circle - East Emilialand - Cape Verde,https://cloudflare-ipfs.com/ipfs/Qmd3W5DuhgHirLHGVixi6V76LhCkZUz6pnFt5AJBiyvHye/avatar/357.jpg
male,Chad,Sanford,62,010 Nicolas Fort - Lake Brooktown - Cape Verde,https://cloudflare-ipfs.com/ipfs/Qmd3W5DuhgHirLHGVixi6V76LhCkZUz6pnFt5AJBiyvHye/avatar/797.jpg
female,Ella,Murazik,28,4530 Runte Union - Torpshire - Cape Verde,https://cloudflare-ipfs.com/ipfs/Qmd3W5DuhgHirLHGVixi6V76LhCkZUz6pnFt5AJBiyvHye/avatar/351.jpg
male,Gerald,Von,67,22707 Nedra Walks - New Natashafurt - Bosnia and Herzegovina,https://cloudflare-ipfs.com/ipfs/Qmd3W5DuhgHirLHGVixi6V76LhCkZUz6pnFt5AJBiyvHye/avatar/1079.jpg
female,Lindsay,Haley,50,17454 Jan Tunnel - O'Connerchester - Nauru,https://cloudflare-ipfs.com/ipfs/Qmd3W5DuhgHirLHGVixi6V76LhCkZUz6pnFt5AJBiyvHye/avatar/1163.jpg
male,Karl,D'Amore,7,14461 Tillman Knolls - North Mosesborough - Andorra,https://cloudflare-ipfs.com/ipfs/Qmd3W5DuhgHirLHGVixi6V76LhCkZUz6pnFt5AJBiyvHye/avatar/1013.jpg
male,Mathew,Lowe,79,48590 Ewell View - Walkerside - Guinea,https://cloudflare-ipfs.com/ipfs/Qmd3W5DuhgHirLHGVixi6V76LhCkZUz6pnFt5AJBiyvHye/avatar/143.jpg
female,Denise,Morissette,40,222 Sporer View - New Rooseveltville - Andorra,https://cloudflare-ipfs.com/ipfs/Qmd3W5DuhgHirLHGVixi6V76LhCkZUz6pnFt5AJBiyvHye/avatar/598.jpg
female,Ora,Spencer,97,90545 Rath Lakes - Bergnaumfurt - India,https://cloudflare-ipfs.com/ipfs/Qmd3W5DuhgHirLHGVixi6V76LhCkZUz6pnFt5AJBiyvHye/avatar/861.jpg
male,Brad,King,36,36442 Magnus Canyon - New Alessandro - Gibraltar,https://cloudflare-ipfs.com/ipfs/Qmd3W5DuhgHirLHGVixi6V76LhCkZUz6pnFt5AJBiyvHye/avatar/612.jpg
female,Gretchen,Wisoky,49,4823 Walter Ports - Paradise - American Samoa,https://cloudflare-ipfs.com/ipfs/Qmd3W5DuhgHirLHGVixi6V76LhCkZUz6pnFt5AJBiyvHye/avatar/49.jpg
male,Ed,Fisher,53,964 Corrine Circle - West Margarettechester - Serbia,https://cloudflare-ipfs.com/ipfs/Qmd3W5DuhgHirLHGVixi6V76LhCkZUz6pnFt5AJBiyvHye/avatar/217.jpg
female,Tara,Olson,81,382 Rohan Crossing - Alberthaville - Romania,https://cloudflare-ipfs.com/ipfs/Qmd3W5DuhgHirLHGVixi6V76LhCkZUz6pnFt5AJBiyvHye/avatar/566.jpg
female,Susie,Rice,9,9564 Kurtis Walk - North Cooper - Cayman Islands,https://cloudflare-ipfs.com/ipfs/Qmd3W5DuhgHirLHGVixi6V76LhCkZUz6pnFt5AJBiyvHye/avatar/975.jpg
female,Kristi,Fisher,17,8495 Braeden Shoals - South Lyricbury - South Georgia and the South Sandwich Islands,https://cloudflare-ipfs.com/ipfs/Qmd3W5DuhgHirLHGVixi6V76LhCkZUz6pnFt5AJBiyvHye/avatar/179.jpg
female,Regina,Lynch,73,05083 Philip Cliffs - Binsboro - Venezuela,https://cloudflare-ipfs.com/ipfs/Qmd3W5DuhgHirLHGVixi6V76LhCkZUz6pnFt5AJBiyvHye/avatar/508.jpg
male,Erik,Kutch,31,8043 Gutmann Forks - East Trystan - Burkina Faso,https://cloudflare-ipfs.com/ipfs/Qmd3W5DuhgHirLHGVixi6V76LhCkZUz6pnFt5AJBiyvHye/avatar/615.jpg
male,Shaun,Auer,74,27674 Aufderhar Trace - North Samantha - Gibraltar,https://cloudflare-ipfs.com/ipfs/Qmd3W5DuhgHirLHGVixi6V76LhCkZUz6pnFt5AJBiyvHye/avatar/661.jpg
male,Marvin,Hahn,93,56437 Strosin Row - Emoryborough - Philippines,https://cloudflare-ipfs.com/ipfs/Qmd3W5DuhgHirLHGVixi6V76LhCkZUz6pnFt5AJBiyvHye/avatar/536.jpg
female,Doreen,Lind,98,18167 Josue Manors - West Nestorport - Albania,https://cloudflare-ipfs.com/ipfs/Qmd3W5DuhgHirLHGVixi6V76LhCkZUz6pnFt5AJBiyvHye/avatar/1233.jpg
female,Amelia,Walter,40,60256 Jacobs Ways - Lake Bernice - Luxembourg,https://cloudflare-ipfs.com/ipfs/Qmd3W5DuhgHirLHGVixi6V76LhCkZUz6pnFt5AJBiyvHye/avatar/303.jpg
male,Billy,Konopelski,85,7163 Russel Mountain - South Monserrateside - Croatia,https://cloudflare-ipfs.com/ipfs/Qmd3W5DuhgHirLHGVixi6V76LhCkZUz6pnFt5AJBiyvHye/avatar/1176.jpg
female,Juanita,Hammes,14,4506 Swift Spurs - Lake Noemifurt - Maldives,https://cloudflare-ipfs.com/ipfs/Qmd3W5DuhgHirLHGVixi6V76LhCkZUz6pnFt5AJBiyvHye/avatar/1158.jpg
female,Louise,Haley,65,07553 Jason Gateway - Everettcester - Ecuador,https://cloudflare-ipfs.com/ipfs/Qmd3W5DuhgHirLHGVixi6V76LhCkZUz6pnFt5AJBiyvHye/avatar/1210.jpg
male,Abel,Franecki,5,86735 Hintz Lake - Port Jeramieside - Jersey,https://cloudflare-ipfs.com/ipfs/Qmd3W5DuhgHirLHGVixi6V76LhCkZUz6pnFt5AJBiyvHye/avatar/245.jpg
female,Kimberly,Herman,8,659 Gulgowski Pines - Medhurstton - Reunion,https://cloudflare-ipfs.com/ipfs/Qmd3W5DuhgHirLHGVixi6V76LhCkZUz6pnFt5AJBiyvHye/avatar/395.jpg
female,Maxine,Reynolds,56,1934 Marjorie Valleys - Schusterfield - Morocco,https://cloudflare-ipfs.com/ipfs/Qmd3W5DuhgHirLHGVixi6V76LhCkZUz6pnFt5AJBiyvHye/avatar/873.jpg
female,Myrtle,Champlin,26,452 Ariane Shoals - Connorstead - Monaco,https://cloudflare-ipfs.com/ipfs/Qmd3W5DuhgHirLHGVixi6V76LhCkZUz6pnFt5AJBiyvHye/avatar/447.jpg
male,Nicholas,Kirlin,29,3243 Mayert Dam - Steubercester - Myanmar,https://cloudflare-ipfs.com/ipfs/Qmd3W5DuhgHirLHGVixi6V76LhCkZUz6pnFt5AJBiyvHye/avatar/505.jpg
male,Andy,Ritchie,66,79309 Howe Flat - Ladariusport - Belize,https://cloudflare-ipfs.com/ipfs/Qmd3W5DuhgHirLHGVixi6V76LhCkZUz6pnFt5AJBiyvHye/avatar/450.jpg
female,Judith,Grady,18,838 Russel Field - Kendall - Republic of Korea,https://cloudflare-ipfs.com/ipfs/Qmd3W5DuhgHirLHGVixi6V76LhCkZUz6pnFt5AJBiyvHye/avatar/332.jpg
female,Johanna,Kuhlman,1,73978 Schneider Manors - South Osvaldo - Benin,https://cloudflare-ipfs.com/ipfs/Qmd3W5DuhgHirLHGVixi6V76LhCkZUz6pnFt5AJBiyvHye/avatar/811.jpg
male,Nicolas,Kohler,24,9362 Dorris Gardens - Lafayette - Northern Mariana Islands,https://cloudflare-ipfs.com/ipfs/Qmd3W5DuhgHirLHGVixi6V76LhCkZUz6pnFt5AJBiyvHye/avatar/545.jpg
female,Angela,Gibson,57,95191 Leuschke Gardens - Lake Arlieville - Guinea,https://cloudflare-ipfs.com/ipfs/Qmd3W5DuhgHirLHGVixi6V76LhCkZUz6pnFt5AJBiyvHye/avatar/1230.jpg
female,Shelia,Jaskolski,73,0406 Luettgen Lakes - Nevabury - Angola,https://cloudflare-ipfs.com/ipfs/Qmd3W5DuhgHirLHGVixi6V76LhCkZUz6pnFt5AJBiyvHye/avatar/402.jpg
male,Douglas,Gutkowski,3,84142 Annamae Brook - Gregoryshire - Somalia,https://cloudflare-ipfs.com/ipfs/Qmd3W5DuhgHirLHGVixi6V76LhCkZUz6pnFt5AJBiyvHye/avatar/935.jpg
female,Celia,Mraz,74,54286 Braun Square - Sipesland - Slovenia,https://cloudflare-ipfs.com/ipfs/Qmd3W5DuhgHirLHGVixi6V76LhCkZUz6pnFt5AJBiyvHye/avatar/1231.jpg
male,Peter,Hammes,27,42383 Rusty Port - Murphyburgh - Tajikistan,https://cloudflare-ipfs.com/ipfs/Qmd3W5DuhgHirLHGVixi6V76LhCkZUz6pnFt5AJBiyvHye/avatar/175.jpg
male,Tom,White,61,808 Markus Skyway - McDermottberg - Venezuela,https://cloudflare-ipfs.com/ipfs/Qmd3W5DuhgHirLHGVixi6V76LhCkZUz6pnFt5AJBiyvHye/avatar/1167.jpg