sex,firstName,lastName,age,address
male,Ron,Macejkovic,15,539 Chaya Plain - Manteworth - United Kingdom
female,Diane,Kutch,52,7436 Leuschke Estates - Huntersville - Kuwait
female,Chelsea,Mayer,72,61518 Christa Expressway - Santa Cruz - Martinique
female,Mary,Strosin,97,4004 Adams Haven - Fort Janessa - Cyprus
male,Brad,Fritsch,76,24493 Hyatt Ramp - New Don - Mauritius
male,Percy,Okuneva,54,78875 Joyce Branch - North Shainaside - Puerto Rico
female,Gayle,Haley,38,4715 Rossie Mission - Welchchester - Turkey
female,Arlene,Rodriguez,22,18538 Hammes River - Freedaside - Wallis and Futuna
male,Raul,Powlowski,37,72536 Arnold Island - Cormiercester - Armenia
female,Eunice,Heaney,29,72728 VonRueden Throughway - Johnsview - Yemen